"id","clientid","userid","phone","email"
1,not available,,,
618,"941723462.1614174736",,,
9004,"1616574092.1618156864",,,
10245,"509978213.1618845162",,,
13207,"1023930596.1619989345",,,
13358,"1166374949.1620237464",,,
13932,"1891033245.1620662478",,,
13984,"106664058.1620759792",,,
13987,"1102525482.1620764088",,,
14001,"1222028320.1620760740",,,
14010,"1288248763.1620761620",,,
14020,"1375664619.1620761924",,,
14022,"1390165518.1620767479",,,
14038,"1588522619.1620757919",,,
14040,"1660835431.1620758763",,,
14057,"1804929410.1620768338",,,
14060,"1834178396.1620762964",,,
14063,"1887647609.1620761103",,,
14068,"199770796.1620763766",,,
14085,"2118746852.1620760108",,,
14088,"2130390424.1620765773",,,
14089,"2130912862.1620761201",,,
14135,"701046888.1620746637",,,
14141,"779164763.1620759701",,,
